﻿<?xml version="1.0" encoding="utf-8"?>
<Device Name="Database">
  <Policies>
    <Policy ID="MySQL-Dual" AutoChangeOnAdd="No" AutoVerifyOnAdd="No" EnableSplitPassword="No" ForceManualPasswordChange="No" PlatformBaseID="MSSql" PlatformBaseType="MSSql" PlatformBaseProtocol="ODBC">
          <Properties>
            <Required>
              <Property Name="Username" />
            </Required>
            <Optional>
              <Property Name="DSN" />
              <Property Name="Address" />
              <Property Name="Port" />
              <Property Name="Database" />
              <Property Name="VirtualUserName" />
              <Property Name="Index" />
              <Property Name="DualAccountStatus" />
            </Optional>
          </Properties>
          <LinkedPasswords>
            <Link Name="ReconcileAccount" PropertyIndex="3" />
          </LinkedPasswords>
          <TicketingSystem EnterTicketingInfo="Yes" ValidateTicketNumber="No" />
    </Policy>
  </Policies>
</Device>
