﻿<?xml version="1.0" encoding="utf-8"?>
<Device Name="Database">
  <Policies>
       <Policy ID="Oracle-Dual" AutoChangeOnAdd="No" AutoVerifyOnAdd="No" PlatformBaseID="Oracle" PlatformBaseType="Oracle" PlatformBaseProtocol="ODBC">
          <Properties>
            <Required>
              <Property Name="Username" />
            </Required>
            <Optional>
              <Property Name="DSN" />
              <Property Name="Address" />
              <Property Name="Port" />
              <Property Name="Database" />
              <Property Name="VirtualUserName" />
              <Property Name="Index" />
              <Property Name="DualAccountStatus" />
            </Optional>
          </Properties>
          <LinkedPasswords>
            <Link Name="ReconcileAccount" PropertyIndex="3" />
          </LinkedPasswords>
          <TicketingSystem EnterTicketingInfo="No" ValidateTicketNumber="No" />
          <PrivilegedSessionManagement ID="PSMServer_c383973" />
          <ConnectionComponents PSMConnectionDefault="PSM-SQLPlus">
            <ConnectionComponent Id="PSM-SQLPlus" />
            <ConnectionComponent Id="PSM-TOAD" />
          </ConnectionComponents>
        </Policy>
  </Policies>
</Device>
